{"cameraMode":{"drawMode":0,"name":"Shaded","section":"Shading Mode"},"sceneLighting":true,"audioPlay":false,"sceneViewState":{"m_AlwaysRefresh":false,"showFog":true,"showSkybox":true,"showFlares":true,"showImageEffects":true,"showParticleSystems":true,"showVisualEffectGraphs":true,"m_FxEnabled":true},"in2DMode":false,"pivot":{"x":-0.23460206389427186,"y":2.317335367202759,"z":1.2322074174880982},"rotation":{"x":-0.0030000184196978809,"y":-0.002999928779900074,"z":-0.000009106157449423335,"w":0.999992311000824},"size":6.6403117179870609,"orthographic":false}